{"criterion": 1, "max_depth": 28, "max_features": 2, "min_samples_leaf": 7.985495767111211e-05, "min_samples_split": 0.00039605048087085995, "splitter": 0}