{"criterion": 0, "max_depth": 23, "max_features": 2, "min_samples_leaf": 0.000194760186929436, "min_samples_split": 0.000296304252019506, "splitter": 0}