{"criterion": 0, "max_depth": 44, "max_features": 2, "min_samples_leaf": 2.6303917190831052e-05, "min_samples_split": 2.3927146944368474e-05, "splitter": 0}