{
  "accuracy": 0.9711453744493392,
  "Precision": 0.9647732276530163,
  "Recall": 0.9772524531668153,
  "AUC": 0.9712197862004659,
  "f_score": 0.9709727454021715
}