{"accuracy": 0.9719823788546256, "Precision": 0.9627696590118302, "Recall": 0.9815537424618659, "AUC": 0.9720443782337341, "f_score": 0.9720709643421745}