{"accuracy": 0.9655035685963521, "Precision": 0.9568887094161243, "Recall": 0.9735322535199837, "AUC": 0.9656899788570623, "f_score": 0.9651263584444204, "mcc": 0.9311571030697401}