{"accuracy": 0.9698678414096916, "Precision": 0.9597222222222223, "Recall": 0.9804895352962043, "AUC": 0.9699366443988023, "f_score": 0.9699947359185822, "mcc": 0.9399587534130854}