{"accuracy": 0.9718916914882569, "Precision": 0.9720866062815412, "Recall": 0.9621695856852064, "AUC": 0.9812093537214525, "f_score": 0.971577914491038}