{"accuracy": 0.9700065274151436, "Precision": 0.9673333460159789, "Recall": 0.972834366925512, "AUC": 0.9700105057980798, "f_score": 0.9700715126032795, "mcc": 0.9400329157106535}