{"accuracy": 0.969309838472834, "Precision": 0.95937318630296, "Recall": 0.9795555555555555, "AUC": 0.969399320718098, "f_score": 0.9693593314763231}