{"accuracy": 0.9587498986261618, "Precision": 0.9569727899417252, "Recall": 0.9607062178373367, "AUC": 0.9587744642025781, "f_score": 0.9588272833509499, "mcc": 0.9175172453619165}