{"accuracy": 0.9593164264252412, "Precision": 0.9555025469631641, "Recall": 0.9634876859005942, "AUC": 0.9593308201846394, "f_score": 0.9594668526875058, "mcc": 0.9186804953932357}