{"accuracy": 0.963914571648975, "Precision": 0.9547202536902712, "Recall": 0.9740357032203832, "AUC": 0.9639449152434526, "f_score": 0.9642701700498126, "mcc": 0.9280350375906027}