{"accuracy": 0.9606863235049142, "precision": 0.9515131793036121, "recall": 0.9711059448688143, "auc": 0.9606532398140863, "f_score": 0.9612097304404996, "mcc": 0.9215633772668957}