{"accuracy": 0.9586873230051641, "precision": 0.960960960960961, "recall": 0.9564928595151112, "auc": 0.9586942907201225, "f_score": 0.9587217043941412, "mcc": 0.9173850173679978}