{"accuracy": 0.9626179987413468, "precision": 0.9593599187198374, "recall": 0.9649974450689831, "auc": 0.9626525305225837, "f_score": 0.9621704241497897, "mcc": 0.9252416693477792}