{"accuracy": 0.9765013054830287, "precision": 0.9675421738202007, "recall": 0.9860718171926006, "auc": 0.9765033873868159, "f_score": 0.9767191205001077, "mcc": 0.953177541720703}