{"accuracy": 0.9583223191470615, "precision": 0.957811941365749, "recall": 0.9576407506702412, "auc": 0.958312902272903, "f_score": 0.95772633836804, "mcc": 0.9166280823360925}