{"accuracy": 0.9532603522132318, "precision": 0.949398043641836, "recall": 0.9578667678876447, "auc": 0.9532458361974511, "f_score": 0.9536136041568258, "mcc": 0.9065534510182509}