{"accuracy": 0.9677720069250233, "precision": 0.9671870865308283, "recall": 0.9687251523986218, "auc": 0.9677672871200818, "f_score": 0.9679555084745763, "mcc": 0.9355431359763454}