{"accuracy": 0.9603509551310528, "precision": 0.9549825174825175, "recall": 0.9666003096660031, "auc": 0.9603244689083975, "f_score": 0.9607562932835, "mcc": 0.9207651331445974}