{"accuracy": 0.9531900716308512, "precision": 0.9528865295288653, "recall": 0.953835934905347, "auc": 0.9531880209286094, "f_score": 0.9533609958506225, "mcc": 0.9063793619666534}