{"accuracy": 0.9744493392070485, "Precision": 0.9684653118430273, "Recall": 0.9804895352962043, "AUC": 0.9744884651270936, "f_score": 0.974440331394324, "mcc": 0.9489728048397114}