{"accuracy": 0.9695405915670233, "precision": 0.9674134419551935, "recall": 0.970873786407767, "auc": 0.9695599395943574, "f_score": 0.9691405253761797, "mcc": 0.9390769657901387}