{"accuracy": 0.9654450261780104, "precision": 0.9642316426949281, "recall": 0.9669766559119377, "auc": 0.9654401996137228, "f_score": 0.9656021984269877, "mcc": 0.9308925464517455}