{"accuracy": 0.9746255506607929, "precision": 0.9688047669120224, "recall": 0.9804895352962043, "auc": 0.9746635351551048, "f_score": 0.9746121297602257, "mcc": 0.9493210567919281}