{"accuracy": 0.9879242819843342, "precision": 0.987603305785124, "recall": 0.9882480957562568, "auc": 0.9879243524245718, "f_score": 0.9879255955618406, "mcc": 0.9758487741460384}