{"accuracy": 0.9785107446276862, "precision": 0.9777922926192031, "recall": 0.9800327332242226, "auc": 0.9784831237355849, "f_score": 0.9789112309955861, "mcc": 0.9570086468685772}