{"accuracy": 0.986727589208007, "precision": 0.9844054580896686, "recall": 0.9891186071817193, "auc": 0.9867281093337354, "f_score": 0.9867564046895354, "mcc": 0.9734663574514539}