{"accuracy": 0.9770114942528736, "precision": 0.9709396189861156, "recall": 0.9842880523731588, "auc": 0.9768794400264709, "f_score": 0.9775682704811445, "mcc": 0.9540904169482419}