{"accuracy": 0.9715142428785607, "precision": 0.9681818181818181, "recall": 0.9761047463175123, "auc": 0.9714309348955269, "f_score": 0.9721271393643033, "mcc": 0.9430346574389966}