{"accuracy": 0.98754827540285, "precision": 0.983572085688001, "recall": 0.991783726477604, "auc": 0.9875273022109647, "f_score": 0.9876608380072585, "mcc": 0.975129241779928}