{"accuracy": 0.974233673922701, "precision": 0.972669164646242, "recall": 0.9761114797611148, "auc": 0.9742257153434171, "f_score": 0.9743872819606978, "mcc": 0.9484716473503357}