{"accuracy": 0.97367982675329, "precision": 0.9716704656463693, "recall": 0.976759410801964, "auc": 0.9736239387795437, "f_score": 0.9742082925236696, "mcc": 0.9473513896850592}