{"accuracy": 0.9783259911894273, "Precision": 0.9713286713286713, "Recall": 0.985455835402625, "AUC": 0.9783721754043938, "f_score": 0.9783412572636027}