{"accuracy": 0.9784140969162995, "Precision": 0.9747058823529412, "Recall": 0.981925925925926, "AUC": 0.9784447679120168, "f_score": 0.9783025830258303}