{"accuracy": 0.9781497797356828, "Precision": 0.9703315881326352, "Recall": 0.9861653068463995, "AUC": 0.9782017010422475, "f_score": 0.9781843771991555}