{"accuracy": 0.9808370044052863, "Precision": 0.9740431148262209, "Recall": 0.9875111507582516, "AUC": 0.9809183255967063, "f_score": 0.9807308970099669}