extraction_data,AdaBoost_DT,Bagging_DT,Bernoulli_NB,Complement_NB,DT,ET,Gaussian_NB,GradientBoost,HistGradientBoost,kNN,Multinomial_NB,neural_networks,RF,"Stacking (AdaBoost_DT, ET, DT, Bagging_DT, RF)",Stacking (All),"Stacking (CNB, MNB, BNB, GNB)","Stacking (RF,HGBC, GBC, AdaBoost, ET)","Stacking (ANN, SVM, kNN, DT)",SVM
8.311219453811646,0.01197052001953125,0.012963294982910156,0.0009996891021728516,0.0,0.0,0.011933326721191406,0.0009982585906982422,0.0009975433349609375,0.00797891616821289,0.00598597526550293,0.0,0.25531888008117676,0.01595759391784668,0.04986262321472168,0.5173566341400146,0.001995086669921875,0.06283140182495117,0.15359139442443848,0.0009987354278564453
