extraction_data,AdaBoost_DT,Bagging_DT,Bernoulli_NB,Complement_NB,DT,ET,Gaussian_NB,GradientBoost,HistGradientBoost,kNN,Multinomial_NB,neural_networks,RF,"Stacking (AdaBoost_DT, ET, DT, Bagging_DT, RF)",Stacking (All),"Stacking (CNB, MNB, BNB, GNB)","Stacking (RF,HGBC, GBC, AdaBoost, ET)","Stacking (ANN, SVM, kNN, DT)",SVM
4.897642374038696,0.03291034698486328,0.021944761276245117,0.001994609832763672,0.000993967056274414,0.0009946823120117188,0.027923107147216797,0.0019953250885009766,0.001995086669921875,0.008975744247436523,0.0069828033447265625,0.0,0.8476743698120117,0.14058876037597656,0.09373164176940918,0.5444185733795166,0.0,0.1249699592590332,0.38937830924987793,0.000997304916381836
