extraction_data,AdaBoost_DT,Bagging_DT,Bernoulli_NB,Complement_NB,DT,ET,Gaussian_NB,GradientBoost,HistGradientBoost,kNN,logistic_regression,Multinomial_NB,neural_networks,RF,"Stacking (AB, RF, ET, B, HGB, GB, DT, XGB)","Stacking (AB, RF, ET, B, XGB)",Stacking (All),"Stacking (ANN, LR, GB, HGB, XGB, AB)","Stacking (GNB, BNB, CNB, MNB)","Stacking (kNN, SVM, ANN)","Stacking (kNN, SVM, ANN, DT, GNB, LR)","Stacking (LR, GNB, BNB, CNB, MNB)",SVM,XGB
5.529267072677612,0.02822566032409668,0.02695441246032715,0.0009968280792236328,0.0009987354278564453,0.0,0.026928186416625977,0.0009980201721191406,0.0009975433349609375,0.007981061935424805,0.004987239837646484,0.000997304916381836,0.0020875930786132812,0.40502214431762695,0.0221560001373291,0.12858033180236816,0.10376262664794922,0.42704272270202637,0.29785847663879395,0.0,0.26778197288513184,0.2752199172973633,0.0,0.0,0.0
4.926949739456177,0.015621423721313477,0.015621185302734375,0.0,0.0,0.0,0.0,0.0,0.0,0.0,0.0,0.0,0.0,0.06248784065246582,0.0,0.09372544288635254,0.07451510429382324,0.1590266227722168,0.08577084541320801,0.0029914379119873047,0.06482982635498047,0.06283283233642578,0.001995563507080078,0.0009984970092773438,0.005984306335449219
7.709127187728882,0.015622138977050781,0.015622138977050781,0.0,0.0,0.0,0.015621662139892578,0.0,0.0,0.015619516372680664,0.015621423721313477,0.0,0.0,0.20537328720092773,0.015622138977050781,0.10935044288635254,0.11461806297302246,0.2729461193084717,0.23431801795959473,0.0,0.17190957069396973,0.14056038856506348,0.0,0.0,0.0039517879486083984
17.588774919509888,0.0,0.0,0.0,0.0,0.0,0.015580177307128906,0.0,0.0,0.015619516372680664,0.01562190055847168,0.0,0.0,0.06248641014099121,0.015620231628417969,0.07810783386230469,0.07450747489929199,0.14059138298034668,0.09372806549072266,0.015623092651367188,0.04686737060546875,0.04686403274536133,0.0,0.0,0.015622854232788086
10.787478923797607,0.01562190055847168,0.015621423721313477,0.0,0.0,0.0,0.01562190055847168,0.0,0.0,0.015622377395629883,0.015621662139892578,0.0,0.0,0.06248617172241211,0.0,0.07810020446777344,0.07458853721618652,0.1874558925628662,0.09699296951293945,0.0,0.062485694885253906,0.04686331748962402,0.0,0.0,0.0
