{"accuracy": 0.8632925026665619, "Precision": 0.8619110498089471, "Recall": 0.9244817487672126, "AUC": 0.7855440515614387, "f_score": 0.8493227463372269}