{"accuracy": 0.8599118942731278, "Precision": 0.923785594639866, "Recall": 0.78254700248315, "AUC": 0.8594107561435358, "f_score": 0.8473209141540233, "mcc": 0.7279988479554009}