{"accuracy": 0.8613803230543319, "Precision": 0.924554662940971, "Recall": 0.7842962962962963, "AUC": 0.8607071001132136, "f_score": 0.8486694453350433}