{
  "accuracy": 0.8385462555066079,
  "Precision": 0.7642732049036778,
  "Recall": 0.9732381801962533,
  "AUC": 0.8401874103766297,
  "f_score": 0.856189915636649
}