{"accuracy": 0.862032227993075, "precision": 0.9509060955518945, "recall": 0.7649085608269282, "auc": 0.8625131669231, "f_score": 0.8478260869565216, "mcc": 0.7387088120724532}