{"accuracy": 0.8662335498917209, "precision": 0.9044540229885057, "recall": 0.8242225859247135, "auc": 0.8669959605335915, "f_score": 0.8624764514471656, "mcc": 0.7358097238405734}