{"accuracy": 0.8608281770585435, "precision": 0.9219685213921525, "recall": 0.7893338394382236, "auc": 0.8610534743409605, "f_score": 0.8505112474437627, "mcc": 0.7294082305184794}