{"accuracy": 0.8646136223455811, "precision": 0.9259013346490335, "recall": 0.7869574967431524, "auc": 0.8631683492211201, "f_score": 0.8507873834970677, "mcc": 0.7364333539411957}