{"accuracy": 0.8683991337664501, "precision": 0.9066427289048474, "recall": 0.8265139116202946, "auc": 0.8691592624587227, "f_score": 0.8647260273972603, "mcc": 0.740129121555507}