{"accuracy": 0.8616170590848512, "precision": 0.9109159347553325, "recall": 0.8029197080291971, "auc": 0.8618658321542373, "f_score": 0.853515165765342, "mcc": 0.7285450911216869}