{"accuracy": 0.8584015103838892, "precision": 0.9219364599092285, "recall": 0.7784874808380173, "auc": 0.8572417557998075, "f_score": 0.844161241169137, "mcc": 0.7247100740772328}