{"accuracy": 0.9166666666666666, "precision": 0.9537805167101209, "recall": 0.875734494015234, "auc": 0.916657762561239, "f_score": 0.9130928068981167, "mcc": 0.8361332430180034}