{"accuracy": 0.8737298017657837, "precision": 0.9230202578268877, "recall": 0.8202945990180033, "auc": 0.8746995383149717, "f_score": 0.8686308492201041, "mcc": 0.7527169211556312}