{"accuracy": 0.9847563661996652, "Precision": 0.9727408186519414, "Recall": 0.9968561932992006, "AUC": 0.9849823551882947, "f_score": 0.9846508739242302}