{"accuracy": 0.960352422907489, "Precision": 0.9573342736248237, "Recall": 0.9631074849237318, "AUC": 0.9603702690725102, "f_score": 0.960212201591512}