{"accuracy": 0.9857057586945726, "Precision": 0.9815650625344267, "Recall": 0.9900180635170519, "AUC": 0.9857138643381681, "f_score": 0.9857704621333493, "mcc": 0.9714500874322297}