{"accuracy": 0.9883700440528634, "Precision": 0.9865676917638742, "Recall": 0.9900673997871585, "AUC": 0.9883810388291535, "f_score": 0.988314447592068, "mcc": 0.9767456997529808}