{"accuracy": 0.9901109660574413, "Precision": 0.9864683926433028, "Recall": 0.9938733598465804, "AUC": 0.9901107081923974, "f_score": 0.9901560960058949, "mcc": 0.9802496529956141}