{"accuracy": 0.9888399412628488, "Precision": 0.9858615611192931, "Recall": 0.9917037037037038, "AUC": 0.9888649522885331, "f_score": 0.9887740029542098}