{"accuracy": 0.9837430610626487, "Precision": 0.9783790998419729, "Recall": 0.9886997382005823, "AUC": 0.9838554920420662, "f_score": 0.9835086574805895, "mcc": 0.9675353541319328}