{"accuracy": 0.9800081243394742, "Precision": 0.9768214177371826, "Recall": 0.9833656865146541, "AUC": 0.9800244896674911, "f_score": 0.9800789549095242, "mcc": 0.9600409490232595}