{"accuracy": 0.9903083700440528, "Precision": 0.9893143365983972, "Recall": 0.9910793933987511, "AUC": 0.9903177645844928, "f_score": 0.9901960784313725}