{
  "accuracy": 0.9892070484581498,
  "Precision": 0.9841059602649007,
  "Recall": 0.9942016057091883,
  "AUC": 0.9892679046822704,
  "f_score": 0.9891280230752164
}