{"accuracy": 0.9897797356828194, "Precision": 0.9866055692633063, "Recall": 0.9929052855622561, "AUC": 0.9897999817167022, "f_score": 0.9897454031117398}