{"accuracy": 0.9797748243505705, "Precision": 0.9762416719658757, "Recall": 0.983477698403919, "AUC": 0.9797837679609106, "f_score": 0.9798425585173808, "mcc": 0.9595789751905686}