{"accuracy": 0.9763925152306353, "precision": 0.9683354728284125, "recall": 0.9849836779107726, "auc": 0.9763943840935199, "f_score": 0.9765886287625417, "mcc": 0.9529259884485674}