{"accuracy": 0.987881209215608, "precision": 0.9849841938883035, "recall": 0.9909886032335012, "auc": 0.987865821959363, "f_score": 0.9879772757299512, "mcc": 0.9757794097892939}