{"accuracy": 0.9766783275029152, "precision": 0.9733679766157843, "recall": 0.9810147299509001, "auc": 0.9765996309184622, "f_score": 0.9771763938702314, "mcc": 0.9533656840416187}