{
  "accuracy": 0.9803902903379343,
  "precision": 0.9762935089369709,
  "recall": 0.984816853292845,
  "auc": 0.9803763410849252,
  "f_score": 0.9805366591080877,
  "mcc": 0.9608159643748835
}