{"accuracy": 0.9797338972596704, "precision": 0.9758736916799716, "recall": 0.9831992850759607, "auc": 0.9797817767055159, "f_score": 0.979522792022792, "mcc": 0.9594903284350502}