{"accuracy": 0.9602398933807197, "precision": 0.9533870616423438, "recall": 0.9681486396814863, "auc": 0.9602063742685817, "f_score": 0.9607111501316945, "mcc": 0.9205844573939336}