{"accuracy": 0.9812460667086218, "precision": 0.9769445148213833, "recall": 0.9851814001021972, "auc": 0.9813031783443262, "f_score": 0.981045668490014, "mcc": 0.9625218052282813}