{"accuracy": 0.97367982675329, "precision": 0.965905435831457, "recall": 0.9829787234042553, "auc": 0.9735110713357776, "f_score": 0.9743672939649578, "mcc": 0.9474795737323074}