{"accuracy": 0.9806763285024155, "precision": 0.9751050759780149, "recall": 0.9872340425531915, "auc": 0.9805573197840585, "f_score": 0.9811320754716982, "mcc": 0.9614087818351613}