{"accuracy": 0.9807929515418502, "Precision": 0.9784604519774012, "Recall": 0.9829726853494147, "AUC": 0.9808070709660239, "f_score": 0.9807113785170767}