{"accuracy": 0.9797356828193833, "Precision": 0.978076379066478, "Recall": 0.9811990067399787, "AUC": 0.9797451616332946, "f_score": 0.9796352045333805}