{"accuracy": 0.9656387665198238, "Precision": 0.9569391911550771, "Recall": 0.9745185185185186, "AUC": 0.9657163189390264, "f_score": 0.9656488549618322}