{"accuracy": 0.9631685611067055, "Precision": 0.9523603052430628, "Recall": 0.9736338928910376, "AUC": 0.9634047781516052, "f_score": 0.9628642159115905, "mcc": 0.9265863959161912}