{"accuracy": 0.9644809495729753, "Precision": 0.9565159323716255, "Recall": 0.9732095370724796, "AUC": 0.9644841803063633, "f_score": 0.9647812104243645, "mcc": 0.9291139251545049}