{
  "accuracy": 0.9693832599118942,
  "Precision": 0.9581699346405229,
  "Recall": 0.9808206958073149,
  "AUC": 0.9695226194441274,
  "f_score": 0.9693630152082874
}