{"accuracy": 0.9633888448321438, "Precision": 0.9412369367825938, "Recall": 0.9869756579538309, "AUC": 0.9638293767503698, "f_score": 0.9635638181260138}