{"accuracy": 0.9671806167400882, "Precision": 0.9555942533739661, "Recall": 0.9790365744870652, "AUC": 0.967325075755282, "f_score": 0.9671733862084161}