{"accuracy": 0.9516528084952304, "Precision": 0.9390147163196361, "Recall": 0.9660196849597519, "AUC": 0.9516802639461084, "f_score": 0.9523126434520808, "mcc": 0.9036981242163504}