{"accuracy": 0.9666960352422908, "Precision": 0.9556479556479557, "Recall": 0.9783611209648811, "AUC": 0.9667715968970064, "f_score": 0.9668711656441717}