{"accuracy": 0.9659911894273128, "Precision": 0.9552704576976422, "Recall": 0.9772969137992196, "AUC": 0.9660644232861644, "f_score": 0.9661581623706821, "mcc": 0.932234221599779}