{"accuracy": 0.9525191142071971, "Precision": 0.9403155849276736, "Recall": 0.9663547863916371, "AUC": 0.9525438027819417, "f_score": 0.9531442914434696, "mcc": 0.9054038070660179}