{"accuracy": 0.9770275669196964, "precision": 0.9653612511309293, "recall": 0.9897959183673469, "auc": 0.9769643403399905, "f_score": 0.9774258980566644, "mcc": 0.9543571344849657}