{"accuracy": 0.9631214600377596, "precision": 0.9545568666834044, "recall": 0.9713847726111395, "auc": 0.9632413815920992, "f_score": 0.9628973027732051, "mcc": 0.9263855342136197}