{"accuracy": 0.9572412261217237, "precision": 0.9482011270047681, "recall": 0.9677062596770626, "auc": 0.9571968728677528, "f_score": 0.9578544061302682, "mcc": 0.9146686934387946}