{"accuracy": 0.961352657004831, "precision": 0.9506973726889394, "recall": 0.973430753902358, "auc": 0.9613143074324624, "f_score": 0.9619297669839186, "mcc": 0.9229643025719089}