{"accuracy": 0.9583223191470615, "precision": 0.9547230113636364, "recall": 0.9610366398570152, "auc": 0.9583598214926369, "f_score": 0.9578694219292775, "mcc": 0.9166553812453383}