{"accuracy": 0.9486923205064135, "precision": 0.9400846629762293, "recall": 0.9588176685486549, "auc": 0.9486601711727232, "f_score": 0.949358763564617, "mcc": 0.8975564961423672}