{"accuracy": 0.9501915708812261, "precision": 0.9428478118876551, "recall": 0.9588176685486549, "auc": 0.9501641818679103, "f_score": 0.9507656841758603, "mcc": 0.9005068052526443}