{"accuracy": 0.9552594002855783, "precision": 0.9531633616619453, "recall": 0.9578667678876447, "auc": 0.955251183791034, "f_score": 0.955509276789095, "mcc": 0.9105276819284533}