{"accuracy": 0.9792210617928634, "precision": 0.9711168164313222, "recall": 0.9878128400435255, "auc": 0.9792229307896549, "f_score": 0.9793936778509008, "mcc": 0.9585838965731901}