{"loss": 0.13466675877571105, "accuracy": 0.9511749386787415, "Precision": 0.9577500104904175, "Recall": 0.9440092444419861, "AUC": 0.9881025552749634, "f_score": 0.9508203673113181, "mcc": 0.9024461788084521}