{"loss": 0.14882273674011232, "accuracy": 0.9449555039405823, "Precision": 0.9415715336799622, "Recall": 0.9488168239593506, "AUC": 0.9855915784835816, "f_score": 0.9451414680638373, "mcc": 0.8899871220016428}