{"loss": 0.13601355850696564, "accuracy": 0.9494537472724914, "Precision": 0.9546501040458679, "Recall": 0.9437519907951355, "AUC": 0.9879754662513733, "f_score": 0.9491603514924222, "mcc": 0.8989626512516173}