{"loss": 0.18184154927730561, "accuracy": 0.9329272627830505, "Precision": 0.9177125215530395, "Recall": 0.9515430092811584, "AUC": 0.9799136042594909, "f_score": 0.9340733674186547, "mcc": 0.8669477336224741}