{
  "loss": 0.14812768499056497,
  "accuracy": 0.9444444378217062,
  "Precision": 0.9408980011940002,
  "Recall": 0.9463345805803934,
  "AUC": 0.986270805199941,
  "f_score": 0.943530530500787,
  "mcc": 0.8890151825270922
}