{"accuracy": 0.9802643171806168, "Precision": 0.9777620896576068, "Recall": 0.9826179496275275, "AUC": 0.980279563049058, "f_score": 0.9801840056617127, "mcc": 0.9605399180306393}