{"accuracy": 0.976589049716803, "precision": 0.9752677205507394, "recall": 0.9772611139499233, "auc": 0.9765988030677426, "f_score": 0.9762633996937212, "mcc": 0.9531712660117411}