{"accuracy": 0.9797356828193833, "precision": 0.9774011299435028, "recall": 0.9819084781837532, "auc": 0.9797497572991595, "f_score": 0.9796496195363653, "mcc": 0.959480923568116}