{"accuracy": 0.9709662065683008, "precision": 0.967948717948718, "recall": 0.9743784399316758, "auc": 0.9709554537320717, "f_score": 0.9711529367256219, "mcc": 0.9419515384211276}