{"accuracy": 0.8876651982378855, "Precision": 0.9232649071358748, "Recall": 0.8425512934879572, "AUC": 0.8871155074924556, "f_score": 0.8810634328358209}