{"accuracy": 0.8093979441997063, "Precision": 0.8289515362686094, "Recall": 0.7754074074074074, "AUC": 0.8091010836163675, "f_score": 0.801285976729945}