{"accuracy": 0.8056387665198238, "Precision": 0.8257403189066059, "Recall": 0.7715501951046471, "AUC": 0.8054179546951807, "f_score": 0.7977260223730057, "mcc": 0.6123998903067788}