{"accuracy": 0.8125384601199783, "Precision": 0.8119358367525216, "Recall": 0.8282680606195031, "AUC": 0.7794730684840261, "f_score": 0.8030923600377982}