{"accuracy": 0.8031413612565445, "precision": 0.8361688720856962, "recall": 0.7555513380148036, "auc": 0.8032913298171802, "f_score": 0.7938185443668994, "mcc": 0.6092528968914515}