{"accuracy": 0.8966573445199094, "precision": 0.9318443804034582, "recall": 0.8570103366021733, "auc": 0.8968536693717505, "f_score": 0.8928620737263565, "mcc": 0.7959862546773341}