{"accuracy": 0.830964015992892, "precision": 0.8718075874039177, "recall": 0.7777040477770405, "auc": 0.8311897441651208, "f_score": 0.8220715454758009, "mcc": 0.6659973570556353}