{"accuracy": 0.8124944929068642, "precision": 0.8280637390638889, "recall": 0.7797294861930494, "auc": 0.8119282160485666, "f_score": 0.8031213868491296, "mcc": 0.6255484757699266}