{"accuracy": 0.8685657171414293, "precision": 0.9199406968124537, "recall": 0.8124386252045827, "auc": 0.8695843058180307, "f_score": 0.8628541630453676, "mcc": 0.7428586057143162}