{"accuracy": 0.9072019147084421, "precision": 0.9373539036933146, "recall": 0.8726877040261154, "auc": 0.907194406722651, "f_score": 0.9038656598670124, "mcc": 0.8163451991574652}