{"accuracy": 0.8697318007662835, "precision": 0.9198374584410787, "recall": 0.8150572831423896, "auc": 0.8707240282740442, "f_score": 0.8642832349878515, "mcc": 0.7449246552726294}