{"accuracy": 0.837248042645344, "precision": 0.8775436046511628, "recall": 0.79050736497545, "auc": 0.8380962876437631, "f_score": 0.8317547787153435, "mcc": 0.6784331260365217}