{"accuracy": 0.8081812460667086, "precision": 0.8288387451843698, "recall": 0.7695452222789985, "auc": 0.8076205396932081, "f_score": 0.7980922098569159, "mcc": 0.6174199556871012}