{"C": 9.911243936390331, "class_weight": 1, "fit_intercept": 0, "l1_ratio": 0.9613737389869554}