{"accuracy": 0.9258149779735683, "Precision": 0.92790863668808, "Recall": 0.9223128769067045, "AUC": 0.9257922927950889, "f_score": 0.9251022949653087, "mcc": 0.8516331395147873}