{"accuracy": 0.9218981811993038, "Precision": 0.9245992207986973, "Recall": 0.9187155380184704, "AUC": 0.9219169652402515, "f_score": 0.921638211127951, "mcc": 0.8438207061122188}