{"accuracy": 0.9015728612423768, "Precision": 0.9105849173497, "Recall": 0.8905963042426832, "AUC": 0.9015960176993512, "f_score": 0.9004641622878518, "mcc": 0.8033560541791485}