{"accuracy": 0.9254559873116573, "Precision": 0.9270090512301835, "Recall": 0.9205808871406517, "AUC": 0.9254322606336755, "f_score": 0.9237429642556579, "mcc": 0.8509332563563818}