{"accuracy": 0.9214468235086791, "Precision": 0.9260845789281809, "Recall": 0.9126919967663703, "AUC": 0.9212833092348929, "f_score": 0.9193395159466184}