{"accuracy": 0.954144908616188, "Precision": 0.9581693713441137, "Recall": 0.9497310096456119, "AUC": 0.9541451768737037, "f_score": 0.953930190409993, "mcc": 0.9083203345944684}