{"accuracy": 0.9032722059496742, "Precision": 0.9112803883316877, "Recall": 0.8935188586223226, "AUC": 0.903295887161516, "f_score": 0.9022971259792602, "mcc": 0.8067137395592759}