{"accuracy": 0.9025487256371814, "precision": 0.9108449767132402, "recall": 0.8962356792144026, "auc": 0.9026632941526558, "f_score": 0.9034812737172082, "mcc": 0.8051995529368616}