{"accuracy": 0.9238514789175583, "precision": 0.9269677419354839, "recall": 0.9177312212570261, "auc": 0.9237626585074512, "f_score": 0.9223263576839134, "mcc": 0.847688774154953}