{"accuracy": 0.917258996001777, "precision": 0.9235082996859578, "recall": 0.9106392391063924, "auc": 0.9172870520760604, "f_score": 0.917028622341018, "mcc": 0.8346065334491225}