{"accuracy": 0.9237048142595369, "precision": 0.9255981645362177, "recall": 0.9243862520458265, "auc": 0.9236924475968618, "f_score": 0.924991811333115, "mcc": 0.8473655133831527}