{"accuracy": 0.9052140596368482, "precision": 0.9121352785145889, "recall": 0.9004909983633388, "auc": 0.9052997732657941, "f_score": 0.906275737110855, "mcc": 0.8104802259707347}