{"accuracy": 0.9551784160139252, "precision": 0.9599736089729491, "recall": 0.9499455930359086, "auc": 0.9551772777013348, "f_score": 0.9549332749945307, "mcc": 0.910406276628135}