{"accuracy": 0.9457317885204422, "precision": 0.9483149060876516, "recall": 0.9434137291280148, "auc": 0.9457432671336006, "f_score": 0.9458579685112602, "mcc": 0.8914757434112794}