{"accuracy": 0.9185149928605426, "precision": 0.9239193083573487, "recall": 0.9126969064338584, "auc": 0.918533327166509, "f_score": 0.9182738208898223, "mcc": 0.8370967543889055}