{"accuracy": 0.9259846682527095, "precision": 0.9289193577485116, "recall": 0.9202859696157283, "auc": 0.9259059323226365, "f_score": 0.9245825103250134, "mcc": 0.8519570559362991}