{"criterion": 1, "learning_rate": 0.44, "loss": 0, "max_depth": 51, "max_features": 2, "min_samples_leaf": 0.000226879118174538, "min_samples_split": 0.003404665224959469, "n_estimators": 21}