{"criterion": 0, "learning_rate": 0.41000000000000003, "loss": 0, "max_depth": 54, "max_features": 2, "min_samples_leaf": 0.0033104954145912026, "min_samples_split": 0.005699703046557564, "n_estimators": 10}