{"criterion": 0, "learning_rate": 0.5, "loss": 1, "max_depth": 71, "max_features": 2, "min_samples_leaf": 0.012055224822157361, "min_samples_split": 0.057442873822539216, "n_estimators": 17}