{"criterion": 1, "learning_rate": 0.17, "loss": 0, "max_depth": 36, "max_features": 2, "min_samples_leaf": 0.0018777840444361132, "min_samples_split": 0.015916108620771058, "n_estimators": 14}