{"accuracy": 0.984039802824346, "Precision": 0.9793496894801521, "Recall": 0.9889615064821948, "AUC": 0.9840479843234871, "f_score": 0.9841287962380875, "mcc": 0.9681291771691061}