{"accuracy": 0.9813509544787078, "Precision": 0.9731934731934732, "Recall": 0.9896296296296296, "AUC": 0.9814232573184538, "f_score": 0.9813427354194213}