{"accuracy": 0.9786784140969162, "Precision": 0.9720083974807557, "Recall": 0.985455835402625, "AUC": 0.9787223154604161, "f_score": 0.9786859256649637, "mcc": 0.9574492688931461}