{"accuracy": 0.9850647634152789, "Precision": 0.9793760676943086, "Recall": 0.9904135383722826, "AUC": 0.9851872983444442, "f_score": 0.9848590504243243, "mcc": 0.9701898443567508}