{"accuracy": 0.9806167400881057, "Precision": 0.9740987049352468, "Recall": 0.987229514012061, "AUC": 0.9806595749332014, "f_score": 0.9806201550387597}