{"accuracy": 0.9820073302235921, "Precision": 0.9777340742151773, "Recall": 0.9864975218504298, "AUC": 0.9820269778622258, "f_score": 0.9820899027888421, "mcc": 0.9640624085100749}