{"accuracy": 0.976826152083884, "Precision": 0.9673922622719662, "Recall": 0.985987604419294, "AUC": 0.9769972609212768, "f_score": 0.9766014234875445}