{"accuracy": 0.978193832599119, "Precision": 0.9743249225320938, "Recall": 0.9817127564674398, "AUC": 0.9782367089560872, "f_score": 0.9780048878027104}