{"accuracy": 0.9913185378590079, "Precision": 0.9875007182505987, "Recall": 0.9952379042666644, "AUC": 0.991318726359218, "f_score": 0.9913540716798623, "mcc": 0.9826660025574597}