{"accuracy": 0.9800747965459677, "Precision": 0.9753874176211734, "Recall": 0.9850282136324313, "AUC": 0.980089455463148, "f_score": 0.9801771974456137, "mcc": 0.960205927483741}