{
  "accuracy": 0.9863436123348017,
  "Precision": 0.9805996472663139,
  "Recall": 0.991971454058876,
  "AUC": 0.9864121848188201,
  "f_score": 0.9862527716186252
}