{"accuracy": 0.9809674861221253, "precision": 0.9750971388202049, "recall": 0.9865975696926376, "auc": 0.9810443089207148, "f_score": 0.9808136436311956, "mcc": 0.9619988878619388}