{"accuracy": 0.9795102448775612, "precision": 0.9771976206212822, "recall": 0.9820657588840916, "auc": 0.9795021307789442, "f_score": 0.9796256418751036, "mcc": 0.9590314076183798}