{"accuracy": 0.9906440382941688, "precision": 0.9876703439325114, "recall": 0.9936887921653972, "auc": 0.990644700629142, "f_score": 0.9906704274246041, "mcc": 0.9813063114954363}