{"accuracy": 0.9909442002929818, "precision": 0.9857105401153644, "recall": 0.9964219454015373, "auc": 0.9909170754844946, "f_score": 0.9910373006458415, "mcc": 0.9819455462594627}