{"accuracy": 0.9810094952523738, "precision": 0.9775799538410814, "recall": 0.9847226834938558, "auc": 0.9809977053832916, "f_score": 0.9811383189940437, "mcc": 0.9620435733540873}