{"accuracy": 0.9781775778777279, "precision": 0.9752475247524752, "recall": 0.9814015277316506, "auc": 0.9781673414059323, "f_score": 0.9783148485350107, "mcc": 0.9563730068151495}