{"accuracy": 0.9795335554497858, "precision": 0.9762528047868362, "recall": 0.9834243737050292, "auc": 0.9794912476685269, "f_score": 0.979825466829314, "mcc": 0.9590855522227241}