{"accuracy": 0.9811202013845186, "precision": 0.9745335350479072, "recall": 0.9874808380173735, "auc": 0.98121251030117, "f_score": 0.9809644670050761, "mcc": 0.9623219463442786}