{"accuracy": 0.9803420701910263, "precision": 0.9771528998242531, "recall": 0.9838531298385313, "auc": 0.9803271895010188, "f_score": 0.9804915683897278, "mcc": 0.9607050756315929}