{"accuracy": 0.9711810761286024, "precision": 0.9657401422107305, "recall": 0.9780687397708674, "auc": 0.9710560795190837, "f_score": 0.9718653439583672, "mcc": 0.942410118632432}