{"accuracy": 0.9835726718885988, "precision": 0.9803285776048422, "recall": 0.9869423286180631, "auc": 0.9835734049007216, "f_score": 0.983624335755341, "mcc": 0.9671673912502474}