{"accuracy": 0.9880143827407112, "precision": 0.9860121404064397, "recall": 0.9901934799893983, "auc": 0.9880035922430932, "f_score": 0.9880983866701931, "mcc": 0.976036543725166}