{"accuracy": 0.9703465126610396, "precision": 0.9699513919575784, "recall": 0.9710241097102411, "auc": 0.9703436408466442, "f_score": 0.970487454404775, "mcc": 0.9406922711578911}