{"accuracy": 0.9743461602532068, "precision": 0.9741745668519124, "recall": 0.9754500818330606, "auc": 0.9743261263982129, "f_score": 0.9748119070984625, "mcc": 0.9486756377968095}