{"accuracy": 0.9715142428785607, "precision": 0.9657622739018088, "recall": 0.9787234042553191, "auc": 0.9713834117613094, "f_score": 0.9721996423345797, "mcc": 0.9430845846005566}