{"accuracy": 0.9471930701316008, "precision": 0.943042071197411, "recall": 0.9538461538461539, "auc": 0.9470723306544204, "f_score": 0.9484133441822621, "mcc": 0.8943914784287705}