{"accuracy": 0.9828111401218451, "precision": 0.981549815498155, "recall": 0.9841131664853101, "auc": 0.9828114233557723, "f_score": 0.9828298196044338, "mcc": 0.9656255895524266}