{"accuracy": 0.9818969346956908, "precision": 0.9831485587583149, "recall": 0.9807564698075647, "auc": 0.9819017682519866, "f_score": 0.9819510574687189, "mcc": 0.9637964748415893}