{"accuracy": 0.9861735798767283, "precision": 0.9815294880103694, "recall": 0.9914893617021276, "auc": 0.9860771096163283, "f_score": 0.9864842859469143, "mcc": 0.9723851926555114}