{"accuracy": 0.9816758287522905, "precision": 0.978550536236594, "recall": 0.9855973813420622, "auc": 0.981604660820285, "f_score": 0.9820613176777561, "mcc": 0.9633611199846627}