{"accuracy": 0.9914055700609226, "precision": 0.9898047722342733, "recall": 0.9930359085963003, "auc": 0.9914059247136385, "f_score": 0.9914177077675177, "mcc": 0.9828163858966913}