{"accuracy": 0.9904264577893821, "precision": 0.9910655916321639, "recall": 0.989771490750816, "auc": 0.9904263153123234, "f_score": 0.990418118466899, "mcc": 0.9808537450621629}