{"accuracy": 0.993940604607804, "precision": 0.9929903451924349, "recall": 0.9949642194540154, "auc": 0.9939355358512046, "f_score": 0.9939763023763818, "mcc": 0.9878827668467473}