{"accuracy": 0.9825087456271864, "precision": 0.9776554404145078, "recall": 0.9882160392798691, "auc": 0.982405170250518, "f_score": 0.9829073742471105, "mcc": 0.9650579015785198}