{"accuracy": 0.9865067466266867, "precision": 0.985313315926893, "recall": 0.9882160392798691, "auc": 0.9864757265598804, "f_score": 0.9867625428991665, "mcc": 0.973007850734975}