{"accuracy": 0.9692527367920039, "precision": 0.9674858223062381, "recall": 0.9713418105902448, "auc": 0.9692461535762531, "f_score": 0.9694099820058716, "mcc": 0.9385115956912715}