{"bootstrap": 1, "class_weight": 1, "criterion": 1, "max_depth": 29, "max_features": 2, "min_samples_leaf": 3.7844007123095935e-05, "min_samples_split": 0.038190920144798086, "n_estimators": 32}