{"bootstrap": 1, "class_weight": 0, "criterion": 0, "max_depth": 71, "max_features": 2, "min_samples_leaf": 0.0011569270729302008, "min_samples_split": 0.0006422391923935258, "n_estimators": 6}