{"accuracy": 0.9844933920704846, "Precision": 0.981657848324515, "Recall": 0.987229514012061, "AUC": 0.9845111155494478, "f_score": 0.9844357976653697}