{"accuracy": 0.9536187254589965, "Precision": 0.9528696742976163, "Recall": 0.9544288618763769, "AUC": 0.9536359520801397, "f_score": 0.9536420308913621, "mcc": 0.9072437102086071}