{"accuracy": 0.9834067547723936, "Precision": 0.9802709069493521, "Recall": 0.9863703703703703, "AUC": 0.9834326378780527, "f_score": 0.9833111800324915}