{"accuracy": 0.9864745792580845, "Precision": 0.9808136436311956, "Recall": 0.9918261025779215, "AUC": 0.9865745298881825, "f_score": 0.9862891340270643}