{"accuracy": 0.9378581951943055, "Precision": 0.9327968301891888, "Recall": 0.9437028327360706, "AUC": 0.9378800314025246, "f_score": 0.9382084047289603, "mcc": 0.8757851179539051}