{"accuracy": 0.986784140969163, "Precision": 0.9857524487978628, "Recall": 0.9875111507582516, "AUC": 0.9867929992259491, "f_score": 0.9866310160427808}