{"accuracy": 0.9830837004405286, "Precision": 0.9836589698046181, "Recall": 0.9822632139056403, "AUC": 0.9830783856643048, "f_score": 0.9829605963791267, "mcc": 0.9661666117752419}