{"accuracy": 0.9521192530470298, "Precision": 0.9500377024415567, "Recall": 0.9544465364503161, "AUC": 0.9521394351102211, "f_score": 0.9522310085380445, "mcc": 0.9042522649546489}