{
  "accuracy": 0.9841409691629956,
  "Precision": 0.9817939609236235,
  "Recall": 0.9861730597680642,
  "AUC": 0.9841657291877746,
  "f_score": 0.9839786381842457
}