{"accuracy": 0.930972584856397, "Precision": 0.9436932409918184, "Recall": 0.9166063819798046, "AUC": 0.9309512741301559, "f_score": 0.9299452587969901, "mcc": 0.8622947531241982}