{"accuracy": 0.9244867389197285, "Precision": 0.9067035332002126, "Recall": 0.9432598964077595, "AUC": 0.9249364073687976, "f_score": 0.9245397246060838, "mcc": 0.8498539815308606}