{"accuracy": 0.9269981120201385, "precision": 0.911808300395257, "recall": 0.9430250383239652, "auc": 0.9272307032354136, "f_score": 0.9271539814117056, "mcc": 0.854523098575729}