{"accuracy": 0.9190970834998002, "precision": 0.9358391849098169, "recall": 0.9007421150278293, "auc": 0.9191879740021374, "f_score": 0.9179552974542509, "mcc": 0.8388160260675754}