{"accuracy": 0.9238699444885012, "precision": 0.9079151577858251, "recall": 0.9410187667560321, "auc": 0.9241068807711339, "f_score": 0.9241706161137441, "mcc": 0.8483347213095656}