{"accuracy": 0.9142313184198001, "precision": 0.8908375089477452, "recall": 0.9447713038527235, "auc": 0.9141350789699064, "f_score": 0.9170120659482361, "mcc": 0.8299608936518145}