{"accuracy": 0.9358654006330168, "precision": 0.9317593790426908, "recall": 0.9430441898527004, "auc": 0.9357351207065402, "f_score": 0.937367821701643, "mcc": 0.8717281351741606}