{"accuracy": 0.9528569048808929, "precision": 0.951171875, "recall": 0.9564648117839607, "auc": 0.952791428958466, "f_score": 0.9538110004896361, "mcc": 0.9056888580370395}