{"accuracy": 0.9693211488250653, "precision": 0.9713661202185793, "recall": 0.9671381936887922, "auc": 0.9693206739599062, "f_score": 0.969247546346783, "mcc": 0.9386511240984239}