{"accuracy": 0.9505247376311844, "precision": 0.9518348623853211, "recall": 0.9509001636661211, "auc": 0.9505179244382166, "f_score": 0.9513672834452268, "mcc": 0.9010202419748726}