{"accuracy": 0.9474677920924034, "precision": 0.9495779653487338, "recall": 0.9455872594558726, "auc": 0.947475762228494, "f_score": 0.9475784107281392, "mcc": 0.8949435542854073}