{"accuracy": 0.9812305641936917, "precision": 0.980565371024735, "recall": 0.9820836098208361, "auc": 0.9812269487872862, "f_score": 0.981323903193723, "mcc": 0.9624613768979383}