{"accuracy": 0.991514360313316, "precision": 0.991512513601741, "recall": 0.991512513601741, "auc": 0.9915143599115949, "f_score": 0.991512513601741, "mcc": 0.9830287198231898}