{"accuracy": 0.9821190581963571, "precision": 0.9840142095914742, "recall": 0.9803140898031409, "auc": 0.9821267080735534, "f_score": 0.9821606648199446, "mcc": 0.9642449239430061}