{"accuracy": 0.9938074310827008, "precision": 0.9936415419260829, "recall": 0.9940365756692288, "auc": 0.9938062963999247, "f_score": 0.9938390195428951, "mcc": 0.9876146158948345}