{"accuracy": 0.9827854286983563, "precision": 0.9844651575676875, "recall": 0.9811988498119885, "auc": 0.9827921529898667, "f_score": 0.9828292899080536, "mcc": 0.965576087897031}