{"accuracy": 0.983229675699689, "precision": 0.9855555555555555, "recall": 0.9809776598097766, "auc": 0.9832392202684841, "f_score": 0.9832612792373351, "mcc": 0.9664699287370215}