{"accuracy": 0.9855072463768116, "precision": 0.9840182648401826, "recall": 0.9875613747954174, "auc": 0.985469968266094, "f_score": 0.9857866361705603, "mcc": 0.9710099119201642}