{"accuracy": 0.8823788546255507, "Precision": 0.9300100704934542, "Recall": 0.8238180196253345, "AUC": 0.8816653196473061, "f_score": 0.8736991485335857}