{"accuracy": 0.8137720082340711, "Precision": 0.8130513625962532, "Recall": 0.8351519516181123, "AUC": 0.7729273403585021, "f_score": 0.8027937440847731}