{"accuracy": 0.8095447870778267, "Precision": 0.8362459546925566, "Recall": 0.7656296296296297, "AUC": 0.8091612485848294, "f_score": 0.7993812838360401}