{"accuracy": 0.8088105726872247, "Precision": 0.8344907407407407, "Recall": 0.7672933664420007, "AUC": 0.8085416412041937, "f_score": 0.7994825355756792, "mcc": 0.6193928097103215}