{"accuracy": 0.8969902783326674, "precision": 0.9328907490258335, "recall": 0.8566127749801219, "auc": 0.8971902204665064, "f_score": 0.893126079447323, "mcc": 0.7967511081542957}