{"accuracy": 0.814124592475108, "precision": 0.83501058450593, "recall": 0.7741928112552859, "auc": 0.8134572442555997, "f_score": 0.8033691458421504, "mcc": 0.6293697749879695}