{"accuracy": 0.8030461684911947, "precision": 0.8362757461118117, "recall": 0.7551717593471247, "auc": 0.8031970332258923, "f_score": 0.7936571257604468, "mcc": 0.6090964157597937}