{"accuracy": 0.8670664667666167, "precision": 0.9209250279746364, "recall": 0.8081833060556465, "auc": 0.8681350722951231, "f_score": 0.8608786610878661, "mcc": 0.7403862014554455}