{"accuracy": 0.8308529542425589, "precision": 0.8717757936507936, "recall": 0.7774828577748286, "auc": 0.8310791491640148, "f_score": 0.8219338243891032, "mcc": 0.6657905510911647}