{"accuracy": 0.8080553807426054, "precision": 0.834312902322978, "recall": 0.7616249361267245, "auc": 0.8073815576193036, "f_score": 0.7963136102577802, "mcc": 0.617828627368151}