{"accuracy": 0.8370814592703648, "precision": 0.8777737359039651, "recall": 0.7898527004909983, "auc": 0.8379385619144272, "f_score": 0.8314955203308063, "mcc": 0.6781737099717902}