{"accuracy": 0.8995594713656387, "Precision": 0.8972419928825622, "Recall": 0.8996431757359501, "AUC": 0.8995604912622308, "f_score": 0.8984409799554566}