{"accuracy": 0.8902202643171806, "Precision": 0.884992987377279, "Recall": 0.8953529620432777, "AUC": 0.8902535118339638, "f_score": 0.8901428319520366}