{"accuracy": 0.8847283406754772, "Precision": 0.8762347472399767, "Recall": 0.8936296296296297, "AUC": 0.8848060811903606, "f_score": 0.8848467067625055}