{"accuracy": 0.8826431718061674, "Precision": 0.8731369150779896, "Recall": 0.8935792834338417, "AUC": 0.88271401146482, "f_score": 0.8832398316970547}