{"accuracy": 0.988193832599119, "Precision": 0.9872521246458924, "Recall": 0.9890031926214969, "AUC": 0.9881990753023451, "f_score": 0.988126882863725, "mcc": 0.9763884486959957}