{"accuracy": 0.987488986784141, "precision": 0.9848270995059986, "recall": 0.9900673997871585, "auc": 0.9875056886890975, "f_score": 0.9874402971873342, "mcc": 0.9749913959283052}