{"accuracy": 0.9821037601142313, "precision": 0.9785270295724242, "recall": 0.9859555892958816, "auc": 0.9820916219970622, "f_score": 0.9822272641331065, "mcc": 0.9642342732312238}