{"accuracy": 0.9833857772183764, "precision": 0.9819062181447502, "recall": 0.9844149207971384, "auc": 0.9834007126932851, "f_score": 0.9831589691247766, "mcc": 0.9667686433934161}