{"accuracy": 0.9883994126284875, "Precision": 0.9869976359338062, "Recall": 0.9896296296296296, "AUC": 0.9884101568817725, "f_score": 0.9883118804556887}