{"accuracy": 0.9876651982378855, "Precision": 0.9865486725663717, "Recall": 0.9886484568996098, "AUC": 0.9876715673853791, "f_score": 0.9875974486180014}