{"accuracy": 0.9907488986784141, "Precision": 0.9893238434163701, "Recall": 0.991971454058876, "AUC": 0.9907637949145555, "f_score": 0.9906458797327395}