{"accuracy": 0.9593536565050808, "precision": 0.9603668522764494, "recall": 0.9597381342062193, "auc": 0.9593466790434082, "f_score": 0.960052390307793, "mcc": 0.9186826474920794}