{"accuracy": 0.9590204897551224, "precision": 0.9573428850537284, "recall": 0.9623567921440261, "auc": 0.9589599428834107, "f_score": 0.9598432908912831, "mcc": 0.9180201930265137}