{"accuracy": 0.9784924756958316, "precision": 0.9785345170266331, "recall": 0.9786641929499073, "auc": 0.9784916253828766, "f_score": 0.9785993506923739, "mcc": 0.9569838872422537}