{"accuracy": 0.9787859007832899, "precision": 0.9811898512685914, "recall": 0.976278563656148, "auc": 0.9787853553542868, "f_score": 0.9787280462528635, "mcc": 0.9575837441033476}