{"accuracy": 0.9438614026320173, "precision": 0.9452817824377457, "recall": 0.9443535188216039, "auc": 0.943852471758156, "f_score": 0.9448174226297691, "mcc": 0.8876895675202455}