{"accuracy": 0.9003831417624522, "precision": 0.9031834591401379, "recall": 0.9008183306055646, "auc": 0.9003752440002044, "f_score": 0.9019993444772204, "mcc": 0.8007152813213392}