{"accuracy": 0.95501999111506, "precision": 0.9595801697186244, "recall": 0.9504534395045344, "auc": 0.9550393452262802, "f_score": 0.9549949994443827, "mcc": 0.910083517567267}