{"accuracy": 0.8803524229074889, "Precision": 0.9096477794793262, "Recall": 0.8428520752039731, "AUC": 0.8801095109913423, "f_score": 0.8749769839808508, "mcc": 0.7626149012204259}