{"accuracy": 0.8739647786768205, "precision": 0.9088082901554404, "recall": 0.8322262288859366, "auc": 0.8740963077202792, "f_score": 0.8688329700812363, "mcc": 0.7506794186368261}