{"accuracy": 0.8779106356198867, "precision": 0.9086618545252637, "recall": 0.8362289218191109, "auc": 0.8773057285850703, "f_score": 0.8709419904204364, "mcc": 0.7578328652372895}