{"accuracy": 0.987488986784141, "Precision": 0.9865439093484419, "Recall": 0.9882937211777226, "AUC": 0.9874941995244356, "f_score": 0.987418040049619, "mcc": 0.9749787111480696}