{"accuracy": 0.987488986784141, "Precision": 0.9875798438608943, "Recall": 0.987229514012061, "AUC": 0.9874873060256385, "f_score": 0.9874046478623382, "mcc": 0.9749769129376198}