{"accuracy": 0.981151832460733, "precision": 0.9783059800037729, "recall": 0.9842474852913267, "auc": 0.9811420772522332, "f_score": 0.981267738883633, "mcc": 0.9623204316740791}