{
  "accuracy": 0.9859030837004406,
  "precision": 0.9837513246202755,
  "recall": 0.9879389854558354,
  "auc": 0.9859162714394023,
  "f_score": 0.9858407079646018,
  "mcc": 0.9718144370970541
}