{"accuracy": 0.9817495280050346, "precision": 0.9806171894924764, "recall": 0.9823709759836484, "auc": 0.981758546786168, "f_score": 0.9814932992980216, "mcc": 0.963493582597447}