{"accuracy": 0.937725056165686, "Precision": 0.9279519927698019, "Recall": 0.9492243745426172, "AUC": 0.9377808142589548, "f_score": 0.938431221382969, "mcc": 0.8757472669225479}