{"accuracy": 0.9825550660792951, "Precision": 0.9781997187060478, "Recall": 0.9868747782901738, "AUC": 0.9825830474083922, "f_score": 0.9825180999470245, "mcc": 0.9651481132346758}