{"accuracy": 0.9349593891269403, "Precision": 0.9199979612047345, "Recall": 0.9527775813582293, "AUC": 0.9349848857770212, "f_score": 0.9360898806976797, "mcc": 0.8704822985459157}