{"accuracy": 0.983920704845815, "Precision": 0.9779638607315998, "Recall": 0.9897413024085637, "AUC": 0.9839916259649434, "f_score": 0.9838173354023496}