{"accuracy": 0.9798660674949334, "Precision": 0.9706400987480163, "Recall": 0.9888619419743107, "AUC": 0.9800340838276222, "f_score": 0.979666295884316}