{"accuracy": 0.9591057441253265, "Precision": 0.9626480015920327, "Recall": 0.955276942584986, "AUC": 0.9590966649624374, "f_score": 0.9589425444958153, "mcc": 0.918241219063537}