{"accuracy": 0.9753303964757709, "Precision": 0.9700967458223395, "Recall": 0.9804444444444445, "AUC": 0.9753750606501699, "f_score": 0.9752431476569408}