{"accuracy": 0.9562176481458261, "Precision": 0.9510496466549714, "Recall": 0.9619876792322188, "AUC": 0.9562486768012143, "f_score": 0.9564720213080408, "mcc": 0.9125191831680922}