{"accuracy": 0.9368666842893646, "Precision": 0.9216300634671152, "Recall": 0.9523263025298688, "AUC": 0.937236480085588, "f_score": 0.9366709438408005, "mcc": 0.8743375396704699}