{"accuracy": 0.9857268722466961, "Precision": 0.9830628087508821, "Recall": 0.9882937211777226, "AUC": 0.9857434992443235, "f_score": 0.9856713249601982}