{"accuracy": 0.9825991189427313, "Precision": 0.9796008869179601, "Recall": 0.9852809991079393, "AUC": 0.9826317963337783, "f_score": 0.9824327329330664}