{"accuracy": 0.9756788272530401, "precision": 0.9714748784440843, "recall": 0.9810147299509001, "auc": 0.9755819918411218, "f_score": 0.9762214983713354, "mcc": 0.9513810923713664}