{"accuracy": 0.978568320278503, "precision": 0.9710796915167095, "recall": 0.9865070729053319, "auc": 0.9785700472205581, "f_score": 0.9787325920328188, "mcc": 0.9572575427137809}