{"accuracy": 0.9468848332284455, "precision": 0.9336810730253353, "recall": 0.9603985692386305, "auc": 0.9470809516994443, "f_score": 0.9468513853904282, "mcc": 0.8941460351496452}