{"accuracy": 0.934316991908615, "precision": 0.9299530516431925, "recall": 0.939836781172898, "auc": 0.9342995976147148, "f_score": 0.9348687936567869, "mcc": 0.8686776642934164}