{"accuracy": 0.9663501582542062, "precision": 0.9547338221230475, "recall": 0.9803600654664485, "auc": 0.9660959079028308, "f_score": 0.9673772609819122, "mcc": 0.9329949224229518}