{"accuracy": 0.9356771521719975, "precision": 0.9278803869832893, "recall": 0.9428060768543343, "auc": 0.9357756487851788, "f_score": 0.9352836879432624, "mcc": 0.8714672506537245}