{"accuracy": 0.9625721901377166, "precision": 0.957968476357268, "recall": 0.9679274496792745, "auc": 0.9625494932982587, "f_score": 0.9629222136648696, "mcc": 0.9251901742324536}