{"accuracy": 0.9858836063390598, "precision": 0.9827540810953134, "recall": 0.9892658362046117, "auc": 0.9858668581451325, "f_score": 0.9859992075023114, "mcc": 0.9717871470217441}