{"accuracy": 0.9355322338830585, "precision": 0.9226869455006337, "recall": 0.9531914893617022, "auc": 0.935211755535668, "f_score": 0.9376911930445982, "mcc": 0.8714404789426351}