{"accuracy": 0.9907488986784141, "Precision": 0.9888888888888889, "Recall": 0.9924174843889384, "AUC": 0.9907692295747998, "f_score": 0.9906500445235975}