{"accuracy": 0.988898678414097, "Precision": 0.9869257950530035, "Recall": 0.9907768712309329, "AUC": 0.988910844579052, "f_score": 0.9888475836431226}