{"accuracy": 0.9883994126284875, "Precision": 0.9852767962308598, "Recall": 0.9914074074074074, "AUC": 0.9884256833252467, "f_score": 0.9883325948899719}