{"accuracy": 0.9876651982378855, "Precision": 0.9858607281724991, "Recall": 0.9893579283433842, "AUC": 0.987676163051244, "f_score": 0.9876062322946175}