{"accuracy": 0.9885462555066079, "Precision": 0.9886444286728177, "Recall": 0.9882937211777226, "AUC": 0.9885446196925027, "f_score": 0.9884690438176336, "mcc": 0.9770915452617525}