{"accuracy": 0.9887224669603524, "Precision": 0.9883020205600851, "Recall": 0.9890031926214969, "AUC": 0.9887242853863787, "f_score": 0.9886524822695035}