{"accuracy": 0.9892511013215859, "Precision": 0.9886605244507441, "Recall": 0.9897126640652714, "AUC": 0.9892540911362773, "f_score": 0.9891863144832476, "mcc": 0.9785019839063357}