{"accuracy": 0.9880176211453745, "Precision": 0.9845015850651638, "Recall": 0.9914863426747074, "AUC": 0.9880400901048607, "f_score": 0.9879816189466244}