{"accuracy": 0.9907528285465622, "precision": 0.9891540130151844, "recall": 0.9923830250272034, "auc": 0.9907531831683766, "f_score": 0.9907658881042911, "mcc": 0.9815108967803099}