{"accuracy": 0.9826753290021656, "precision": 0.9789029535864979, "recall": 0.9872340425531915, "auc": 0.9825925979387397, "f_score": 0.9830508474576272, "mcc": 0.9653705456414923}