{"accuracy": 0.9861735798767283, "precision": 0.9837239583333334, "recall": 0.9891980360065467, "auc": 0.9861186923587686, "f_score": 0.9864534029704587, "mcc": 0.9723511868712019}