{"accuracy": 0.9861548143486469, "precision": 0.985947879407256, "recall": 0.985947879407256, "auc": 0.9861518111995348, "f_score": 0.985947879407256, "mcc": 0.9723036223990694}