{"accuracy": 0.9795646379386939, "precision": 0.9794384258235684, "recall": 0.9798717097987171, "auc": 0.9795633364965033, "f_score": 0.9796550199026979, "mcc": 0.9591285659205906}