{"accuracy": 0.987488986784141, "precision": 0.9858557284299858, "recall": 0.9890031926214969, "auc": 0.9874987951903003, "f_score": 0.9874269523640871, "mcc": 0.9749823319237622}