{"accuracy": 0.9917319408181027, "precision": 0.9904493162578685, "recall": 0.9930359085963003, "auc": 0.991732224474352, "f_score": 0.991740925885677, "mcc": 0.9834672424684573}