{"accuracy": 0.9824845311756306, "precision": 0.9801699716713881, "recall": 0.9850066426266844, "auc": 0.9824765833454278, "f_score": 0.9825823551684968, "mcc": 0.9649799949118213}