{"accuracy": 0.9823421622522073, "precision": 0.9804496578690127, "recall": 0.9849427168576105, "auc": 0.9822949676553995, "f_score": 0.9826910516002613, "mcc": 0.9646806648518562}