{"accuracy": 0.9938740178452523, "precision": 0.994034994697773, "recall": 0.9937715345878612, "auc": 0.9938745253239093, "f_score": 0.9939032471835653, "mcc": 0.9877477893297372}