{"accuracy": 0.9855072463768116, "precision": 0.9802588996763754, "recall": 0.9914893617021276, "auc": 0.9853986835647679, "f_score": 0.9858421480878763, "mcc": 0.9710653432418577}