{"accuracy": 0.9259911894273127, "Precision": 0.9279343560470924, "Recall": 0.9226676126285916, "AUC": 0.9259696606560325, "f_score": 0.9252934898612594, "mcc": 0.8519841912584191}