{"accuracy": 0.9168015230842456, "precision": 0.9230028873917228, "recall": 0.9100398557601063, "auc": 0.9168228308594266, "f_score": 0.9164755351681957, "mcc": 0.8336915049332184}