{"accuracy": 0.9261674008810573, "precision": 0.9273504273504274, "recall": 0.9237318197942532, "auc": 0.9261516241828409, "f_score": 0.9255375866358628, "mcc": 0.8523311973579429}