{"accuracy": 0.9239773442416614, "precision": 0.9276485788113695, "recall": 0.9172202350536536, "auc": 0.9238792815059883, "f_score": 0.9224049331963001, "mcc": 0.8479489483067999}