{"accuracy": 0.986349713676921, "precision": 0.9812508194571915, "recall": 0.991783726477604, "auc": 0.9863228054229563, "f_score": 0.9864891583734264, "mcc": 0.9727539187681628}