{"accuracy": 0.9768449108778944, "precision": 0.9761593729588505, "recall": 0.9783960720130933, "auc": 0.9768167605655697, "f_score": 0.9772764427006703, "mcc": 0.9536757728685967}