{"accuracy": 0.9849869451697127, "precision": 0.98456186127419, "recall": 0.9854189336235039, "auc": 0.9849870391415324, "f_score": 0.9849902110071785, "mcc": 0.9699742619623678}