{"accuracy": 0.9758996001776988, "precision": 0.9767390341160833, "recall": 0.9752267197522672, "auc": 0.9759024520019423, "f_score": 0.9759822910902047, "mcc": 0.951799808689998}