{"accuracy": 0.97367982675329, "precision": 0.9710569105691057, "recall": 0.9774140752864157, "auc": 0.9736120579959894, "f_score": 0.9742251223491027, "mcc": 0.9473577169734384}