{"accuracy": 0.9751790771281026, "precision": 0.968407479045777, "recall": 0.9833060556464812, "auc": 0.9750315895600113, "f_score": 0.9757999025499431, "mcc": 0.950445179896758}