{"accuracy": 0.9879242819843342, "precision": 0.9878154917319408, "recall": 0.9880304678998912, "auc": 0.9879243050832934, "f_score": 0.987922968120988, "mcc": 0.9758485870676274}