{"gamma": 0.3386002523438835, "learning_rate": 0.2528642310131281, "max_depth": 1}