{"accuracy": 0.9821739024967135, "Precision": 0.9791392759950014, "Recall": 0.9853628297824603, "AUC": 0.9821842155160054, "f_score": 0.9822383483376367, "mcc": 0.9643690703861777}