{"accuracy": 0.9911879895561357, "Precision": 0.9885097135583184, "Recall": 0.9939449773770882, "AUC": 0.9911952137094288, "f_score": 0.991218774412822, "mcc": 0.9823916361485651}