{"accuracy": 0.9848444796898406, "Precision": 0.9807393214089588, "Recall": 0.9885436777541009, "AUC": 0.9849401369306974, "f_score": 0.9846200475133626, "mcc": 0.9697206244409761}