{"accuracy": 0.9847728307344716, "Precision": 0.9812718757984442, "Recall": 0.9884305913637847, "AUC": 0.9847922097805911, "f_score": 0.9848319942690796, "mcc": 0.9695808931805365}