{"accuracy": 0.9876651982378855, "Precision": 0.9821115398105927, "Recall": 0.9932600212841434, "AUC": 0.9877014392135003, "f_score": 0.9876543209876544, "mcc": 0.9753931864077551}