{"accuracy": 0.9808744245005123, "Precision": 0.9772440582208795, "Recall": 0.9846897154971563, "AUC": 0.9808855067556376, "f_score": 0.9809497236487885, "mcc": 0.9617787272405423}