{"accuracy": 0.9901000870322019, "precision": 0.9872349632193855, "recall": 0.9930359085963003, "auc": 0.9901007256707844, "f_score": 0.9901269393511989, "mcc": 0.9802171130634515}