{"accuracy": 0.9777227722772277, "precision": 0.9768413059984814, "recall": 0.9786991251426398, "auc": 0.9777216555945757, "f_score": 0.9777693330799925, "mcc": 0.9554471214204435}