{"accuracy": 0.980231008440693, "precision": 0.9788313120176406, "recall": 0.9818624198186242, "auc": 0.9802240941386229, "f_score": 0.9803445229681979, "mcc": 0.9604654380659333}