{"accuracy": 0.9786773280026654, "precision": 0.9771598808341608, "recall": 0.980405181002989, "auc": 0.978671841838393, "f_score": 0.9787798408488063, "mcc": 0.957359092661311}