{"accuracy": 0.9912771341057398, "precision": 0.9869959280178642, "recall": 0.9957593426981182, "auc": 0.991254939015012, "f_score": 0.9913582690151065, "mcc": 0.9825921973471693}