{"accuracy": 0.9821755788772281, "precision": 0.9785761371127225, "recall": 0.986051145798738, "auc": 0.9821632734341283, "f_score": 0.9822994210090984, "mcc": 0.9643782520223149}