{"accuracy": 0.9768449108778944, "precision": 0.9748677248677249, "recall": 0.979076718698107, "auc": 0.9768378245896951, "f_score": 0.9769676884838442, "mcc": 0.9536976686424651}