{"accuracy": 0.978600201409869, "precision": 0.9758551307847082, "recall": 0.981284774911482, "auc": 0.9786123122677711, "f_score": 0.978562421185372, "mcc": 0.9572152808403286}