{"accuracy": 0.9783221713077194, "precision": 0.9744227353463588, "recall": 0.9817465998568361, "auc": 0.9783732999284179, "f_score": 0.978070957389909, "mcc": 0.9566654616427154}