{"accuracy": 0.988193832599119, "Precision": 0.9862190812720848, "Recall": 0.9900673997871585, "AUC": 0.9882059688011423, "f_score": 0.9881394937157019, "mcc": 0.976394595399169}