{"accuracy": 0.9878414096916299, "Precision": 0.983134223471539, "Recall": 0.992550549840369, "AUC": 0.9878719135756465, "f_score": 0.9878199470432479, "mcc": 0.9757274663195316}