{"accuracy": 0.986079295154185, "precision": 0.9817158931082982, "recall": 0.9904221355090458, "auc": 0.9861074262979402, "f_score": 0.9860497969274236, "mcc": 0.972196739691487}