{"accuracy": 0.981722989052832, "precision": 0.9788719109601962, "recall": 0.984816853292845, "auc": 0.9817132394806471, "f_score": 0.9818353831598865, "mcc": 0.9634627991954194}