{"accuracy": 0.9832599118942731, "precision": 0.9814107461166285, "recall": 0.9846704138988247, "auc": 0.9832803818439795, "f_score": 0.9830378778217064, "mcc": 0.9665193528205759}