{"accuracy": 0.9831703233765089, "Precision": 0.9776883757735592, "Recall": 0.9882527752813486, "AUC": 0.9832758568321912, "f_score": 0.9829406213241638, "mcc": 0.966388253697295}