{"accuracy": 0.9903394255874673, "Precision": 0.9862735628549428, "Recall": 0.9945184348483072, "AUC": 0.9903414750823936, "f_score": 0.9903783980474901, "mcc": 0.9807124621964494}