{"accuracy": 0.9846241959644022, "Precision": 0.974313863476425, "Recall": 0.9948800862301267, "AUC": 0.9848157456658632, "f_score": 0.9844895782409671}