{"accuracy": 0.9876651982378855, "Precision": 0.9807625043721581, "Recall": 0.9946789641716921, "AUC": 0.9877106305452298, "f_score": 0.9876717153927439}