{"accuracy": 0.9825737303513078, "Precision": 0.97776580418987, "Recall": 0.9876183845154344, "AUC": 0.9825823195345343, "f_score": 0.9826634712260555, "mcc": 0.9652001462381394}