{"accuracy": 0.9865638766519824, "Precision": 0.9814569536423841, "Recall": 0.9915254237288136, "AUC": 0.9866243306633624, "f_score": 0.9864654981140448}