{"accuracy": 0.986784140969163, "Precision": 0.9804036267914595, "Recall": 0.9931851851851852, "AUC": 0.9868400452854601, "f_score": 0.9867530173682661}