{"accuracy": 0.977908924022938, "Precision": 0.9732605206611824, "Recall": 0.9828426017553984, "AUC": 0.9779409038798377, "f_score": 0.978017021160819, "mcc": 0.9558823844875004}