{"accuracy": 0.9771758739090967, "Precision": 0.9711667320656551, "Recall": 0.9835674693636154, "AUC": 0.9772029007630157, "f_score": 0.9773180944286237, "mcc": 0.954444522037931}