{
  "accuracy": 0.9861233480176211,
  "Precision": 0.9814405656208572,
  "Recall": 0.9906333630686887,
  "AUC": 0.9861783003333001,
  "f_score": 0.986015538290788
}