{"accuracy": 0.9850220264317181, "Precision": 0.977972027972028, "Recall": 0.9921958141184817, "AUC": 0.9850684952945349, "f_score": 0.9850325761577742, "mcc": 0.9701468715748119}