{"accuracy": 0.979343661502582, "precision": 0.9756177924217463, "recall": 0.9833942211889738, "auc": 0.9793308004340592, "f_score": 0.9794905722791928, "mcc": 0.9587165144791723}