{"accuracy": 0.9753456605030818, "precision": 0.9713533091866974, "recall": 0.9797409498505479, "auc": 0.9753317048717981, "f_score": 0.9755291005291005, "mcc": 0.950725147750404}