{"accuracy": 0.9770102176810307, "precision": 0.9726117440841368, "recall": 0.9818624198186242, "auc": 0.9769896529162272, "f_score": 0.9772151898734177, "mcc": 0.954061287201477}