{"accuracy": 0.9803650094398993, "precision": 0.9723479135243841, "recall": 0.9882473173224323, "auc": 0.9804794016530296, "f_score": 0.9802331474911303, "mcc": 0.9608555207499384}