{"accuracy": 0.9756788272530401, "precision": 0.9729283591944536, "recall": 0.9787446031218864, "auc": 0.9756690930047935, "f_score": 0.9758278145695364, "mcc": 0.9513733526514397}