{"accuracy": 0.9797338972596704, "precision": 0.9730253878702397, "recall": 0.9862401715511079, "auc": 0.979822675728622, "f_score": 0.9795882144124954, "mcc": 0.9595536143541628}