{"accuracy": 0.9903449194300173, "precision": 0.9850570192685805, "recall": 0.995891863238802, "auc": 0.9903174519620135, "f_score": 0.9904448105436574, "mcc": 0.9807482422303352}