{"accuracy": 0.977724892908139, "precision": 0.9756326148078726, "recall": 0.98041062346958, "auc": 0.9776956889480308, "f_score": 0.9780157835400225, "mcc": 0.9554539672224964}