{"accuracy": 0.9895561357702349, "precision": 0.9851196894543887, "recall": 0.9941240478781284, "auc": 0.9895571294426535, "f_score": 0.9896013864818024, "mcc": 0.979153197325323}