{"accuracy": 0.9713476595035816, "precision": 0.9654504359057152, "recall": 0.9787234042553191, "auc": 0.9712138052484193, "f_score": 0.9720416124837452, "mcc": 0.9427552085203686}