{"accuracy": 0.9456938197567882, "precision": 0.9425883879338307, "recall": 0.951227495908347, "auc": 0.9455933951726267, "f_score": 0.9468882372108179, "mcc": 0.8913738708731602}