{"accuracy": 0.983899042645779, "precision": 0.9811729062973382, "recall": 0.9867247007616975, "auc": 0.983899657320157, "f_score": 0.9839409722222222, "mcc": 0.9678136098163242}