{"accuracy": 0.9738464101282692, "precision": 0.973839110529758, "recall": 0.9747954173486089, "auc": 0.9738291876430969, "f_score": 0.9743170292818583, "mcc": 0.9476757376555464}