{"accuracy": 0.9728469098783942, "precision": 0.9658505154639175, "recall": 0.981342062193126, "auc": 0.972692740730213, "f_score": 0.9735346647182984, "mcc": 0.9457869370249351}