{"accuracy": 0.988214143028366, "precision": 0.9857613711272248, "recall": 0.9908560826928174, "auc": 0.9882010606183573, "f_score": 0.9883021611261649, "mcc": 0.9764402816934936}