{"accuracy": 0.9831375108790252, "precision": 0.9788610871440897, "recall": 0.98759521218716, "auc": 0.9831384805769388, "f_score": 0.9832087531145055, "mcc": 0.9663135361872389}