{"accuracy": 0.9709018214127054, "precision": 0.9687431212854941, "recall": 0.973457199734572, "auc": 0.9708909911231415, "f_score": 0.9710944395410414, "mcc": 0.941812652140737}