{"C": 42300.469903089426, "coef0_sigmoid": -4.669941268932323, "gamma_sigmoid": 0, "kernel": 3}