{"accuracy": 0.9816144473455178, "Precision": 0.9740788346186804, "Recall": 0.9895538628944505, "AUC": 0.9816161744317804, "f_score": 0.9817553708301846, "mcc": 0.963350544701564}