{"accuracy": 0.9608810572687224, "Precision": 0.9554542265871624, "Recall": 0.9663001064207166, "AUC": 0.9609161596529353, "f_score": 0.9608465608465608, "mcc": 0.9218231595865615}