{
  "accuracy": 0.9662995594713656,
  "Precision": 0.9619637328615657,
  "Recall": 0.9701159678858162,
  "AUC": 0.9663460605312458,
  "f_score": 0.966022651565623
}