{"accuracy": 0.959599964754604, "Precision": 0.9517155995755218, "Recall": 0.9666756489715261, "AUC": 0.9597321176115737, "f_score": 0.9591372933469987}