{"accuracy": 0.9441224295105585, "Precision": 0.9446645447157639, "Recall": 0.9434870522912906, "AUC": 0.9441285780747973, "f_score": 0.944072226540402, "mcc": 0.8882401773529047}