{"accuracy": 0.9453885741789773, "Precision": 0.9458156274122571, "Recall": 0.9448823003170336, "AUC": 0.9453931986492566, "f_score": 0.9453461084843384, "mcc": 0.8907709271792672}