{"accuracy": 0.9651982378854626, "Precision": 0.9614703277236493, "Recall": 0.9683318465655665, "AUC": 0.9652364193663342, "f_score": 0.9648888888888889}