{"accuracy": 0.9601762114537445, "Precision": 0.9537976898844942, "Recall": 0.9666548421426038, "AUC": 0.9602181773738229, "f_score": 0.9601832276250881}