{"accuracy": 0.9597650513950073, "Precision": 0.9591353272135031, "Recall": 0.9597037037037037, "AUC": 0.9597645156073102, "f_score": 0.9594194312796209}