{"accuracy": 0.9600845889505684, "Precision": 0.9528279356898463, "Recall": 0.9665053526918852, "AUC": 0.9601981328958821, "f_score": 0.95961228665001, "mcc": 0.9202522502932586}