{"accuracy": 0.9546884833228445, "precision": 0.951015228426396, "recall": 0.9573326520183955, "auc": 0.9547268568948339, "f_score": 0.9541634835752483, "mcc": 0.9093855297255985}