{"accuracy": 0.9466933200066633, "precision": 0.9456773766147731, "recall": 0.9481899701095982, "auc": 0.9466885679424996, "f_score": 0.9469320066334993, "mcc": 0.8933878459980202}