{"accuracy": 0.9546868058640604, "precision": 0.9562902152207677, "recall": 0.9533289095332891, "auc": 0.9546925609455427, "f_score": 0.9548072662826761, "mcc": 0.9093775840239076}