{"accuracy": 0.9798738033072236, "precision": 0.9797650130548303, "recall": 0.9799782372143634, "auc": 0.9798738260250628, "f_score": 0.9798716135349798, "mcc": 0.9597476293322864}