{"accuracy": 0.9473962463653185, "precision": 0.945295794725588, "recall": 0.9481680071492404, "auc": 0.9474069093792779, "f_score": 0.9467297224948693, "mcc": 0.8947802723848193}