{"accuracy": 0.9781595418830736, "precision": 0.9757447930398102, "recall": 0.980917042141532, "auc": 0.9781458872377895, "f_score": 0.9783240814168649, "mcc": 0.9563304465925432}