{"accuracy": 0.950880533079486, "precision": 0.9461235216819974, "recall": 0.9565382425507687, "auc": 0.9508627041630848, "f_score": 0.9513023782559457, "mcc": 0.9018116760184677}