{"accuracy": 0.9453606530068299, "precision": 0.9467199467199467, "recall": 0.9442045831949518, "auc": 0.9453643236830375, "f_score": 0.9454605919521117, "mcc": 0.8907242970323872}