{"accuracy": 0.9585207396301849, "precision": 0.9591090425531915, "recall": 0.9581534373962138, "auc": 0.9585219058638822, "f_score": 0.9586310018275461, "mcc": 0.9170413687065061}