{"loss": 0.11947661638259888, "accuracy": 0.9615271687507629, "Precision": 0.9547181129455566, "Recall": 0.9682962894439697, "AUC": 0.9897793531417847, "f_score": 0.960828959941864}