{"loss": 0.11513359844684601, "accuracy": 0.9596916437149048, "Precision": 0.9553294777870178, "Recall": 0.9634255170822144, "AUC": 0.9905632734298706, "f_score": 0.9580740928649902}