{"loss": 0.10263314098119736, "accuracy": 0.9644052982330322, "Precision": 0.9589617848396301, "Recall": 0.9698474407196045, "AUC": 0.9924402236938477, "f_score": 0.9633837342262268}