{"loss": 0.11925440281629562, "accuracy": 0.9603524208068848, "Precision": 0.9486510157585144, "Recall": 0.9723461270332336, "AUC": 0.9904975891113281, "f_score": 0.9587221741676331}