{"loss": 0.1063753217458725, "accuracy": 0.9626431465148926, "Precision": 0.9565674066543579, "Recall": 0.9687832593917847, "AUC": 0.9919982552528381, "f_score": 0.9620036482810974}