{"bootstrap": 0, "class_weight": 2, "criterion": 0, "max_depth": 49, "max_features": 1, "min_samples_leaf": 0.0018552223338131335, "min_samples_split": 0.0036498598439917568, "n_estimators": 33, "oob_score": 1}