{"bootstrap": 1, "class_weight": 0, "criterion": 1, "max_depth": 12, "max_features": 1, "min_samples_leaf": 0.0007163681222524242, "min_samples_split": 0.011488407477894362, "n_estimators": 28}