{"bootstrap": 1, "class_weight": 1, "criterion": 1, "max_depth": 65, "max_features": 0, "min_samples_leaf": 0.0006417850652124141, "min_samples_split": 0.003765577542501617, "n_estimators": 19}