{"accuracy": 0.9878120411160058, "Precision": 0.98698224852071, "Recall": 0.9884444444444445, "AUC": 0.98781756428918, "f_score": 0.9877128053293857}