{"accuracy": 0.9887665198237885, "Precision": 0.985809312638581, "Recall": 0.9915254237288136, "AUC": 0.9888001357112302, "f_score": 0.9886591060707138}