{"accuracy": 0.9635147104888077, "Precision": 0.9587785467735488, "Recall": 0.9687179689570747, "AUC": 0.9635425718152968, "f_score": 0.9637081250197918, "mcc": 0.9271017543343781}