{"accuracy": 0.9682767624020888, "Precision": 0.9677195224231541, "Recall": 0.9688512098755794, "AUC": 0.9682777356665089, "f_score": 0.9682759549107175, "mcc": 0.9365668958144792}