{"accuracy": 0.9880176211453745, "Precision": 0.9858707170611092, "Recall": 0.9900673997871585, "AUC": 0.9880308987731311, "f_score": 0.9879646017699115}