{"accuracy": 0.9844933920704846, "Precision": 0.9809792180345192, "Recall": 0.9879389854558354, "AUC": 0.9845157112153126, "f_score": 0.984446800989749, "mcc": 0.9690109617655056}