{"accuracy": 0.9513196417452721, "Precision": 0.9443661251395625, "Recall": 0.9591965104647429, "AUC": 0.9513564109766287, "f_score": 0.9517034213109558, "mcc": 0.902783473688538}