{"accuracy": 0.9650630011454754, "Precision": 0.9595329381041878, "Recall": 0.9696563239613973, "AUC": 0.9651866088570733, "f_score": 0.9645520725048872, "mcc": 0.9301884847900471}