{"accuracy": 0.9845360824742269, "Precision": 0.973975734130473, "Recall": 0.9950597323273151, "AUC": 0.9847326331329614, "f_score": 0.9844048518238769}