{"accuracy": 0.9513862806461926, "Precision": 0.9460563245606736, "Recall": 0.9573825516765122, "AUC": 0.9514149319973523, "f_score": 0.9516733459124564, "mcc": 0.9028541686808556}