{
  "accuracy": 0.987885462555066,
  "Precision": 0.9875167186803389,
  "Recall": 0.987957181088314,
  "AUC": 0.9878863364101274,
  "f_score": 0.987736900780379
}