{"accuracy": 0.961579438007724, "precision": 0.958426522825944, "recall": 0.9654121388815267, "auc": 0.9615604591623907, "f_score": 0.961906648181158, "mcc": 0.9231790039036253}