{"accuracy": 0.9643511577544561, "precision": 0.9598575590806087, "recall": 0.9705400981996727, "auc": 0.9642388415014645, "f_score": 0.9651692708333334, "mcc": 0.928724897670471}