{"accuracy": 0.9655129011957205, "precision": 0.9600606673407482, "recall": 0.9703628002043945, "auc": 0.9655832854904384, "f_score": 0.9651842439644217, "mcc": 0.931073629563851}