{"accuracy": 0.9515242378810594, "precision": 0.9455190199871051, "recall": 0.9600654664484451, "auc": 0.9513692325457966, "f_score": 0.9527367224297547, "mcc": 0.9031014375785106}