{"accuracy": 0.9657238523217905, "precision": 0.9625088841506751, "recall": 0.9681858802502235, "auc": 0.9657578688703324, "f_score": 0.9653390359084024, "mcc": 0.9314555881506905}