{"accuracy": 0.9510244877561219, "precision": 0.9469083845904823, "recall": 0.9574468085106383, "auc": 0.9509079361413436, "f_score": 0.9521484375, "mcc": 0.9020559880282043}