{"accuracy": 0.9635717458907153, "precision": 0.9600614439324117, "recall": 0.9677062596770626, "auc": 0.9635542228565995, "f_score": 0.9638686935448336, "mcc": 0.9271693817678386}