{"accuracy": 0.9759573542210618, "precision": 0.9744034707158351, "recall": 0.9775843307943417, "auc": 0.9759577081424395, "f_score": 0.9759913090711569, "mcc": 0.9519198101423334}