{"accuracy": 0.9584007615421228, "precision": 0.9534534534534534, "recall": 0.9641298159043462, "auc": 0.9583827077993846, "f_score": 0.9587619137491743, "mcc": 0.916855615138051}