{"loss": 0.10940585285425186, "accuracy": 0.9635242223739624}