{"loss": 0.11717724055051804, "accuracy": 0.9568281769752502, "Precision": 0.9453599452972412, "Recall": 0.9688888788223267, "AUC": 0.9912106394767761, "f_score": 0.9559187293052673}