{"loss": 0.10186469554901123, "accuracy": 0.9656387567520142, "AUC": 0.9934574961662292, "Precision": 0.9534782767295837, "Recall": 0.9781445264816284, "f_score": 0.9651542514685434}