{"loss": 0.09998800605535507, "accuracy": 0.96669602394104}