{"loss": 0.09985964745283127, "accuracy": 0.9718061685562134, "Precision": 0.9637251496315002, "Recall": 0.9801347851753235, "AUC": 0.9918320178985596, "f_score": 0.9713709950447083}