{"loss": 0.10616915673017502, "accuracy": 0.9642290472984314}