{"loss": 0.10885396599769592, "accuracy": 0.9634361267089844, "AUC": 0.9912967085838318, "Precision": 0.9584805369377136, "Recall": 0.9678857922554016, "f_score": 0.9626604759083031}