{"loss": 0.11308404803276062, "accuracy": 0.9603524208068848, "AUC": 0.9911301732063293, "Precision": 0.9544498920440674, "Recall": 0.9663001298904419, "f_score": 0.9603384452670546, "mcc": 0.9207778962934191}