{"loss": 0.09754785895347595, "accuracy": 0.9695154428482056}