{"loss": 0.14166921377182007, "accuracy": 0.949779748916626, "AUC": 0.9867399334907532, "Precision": 0.9479537606239319, "Recall": 0.9504906535148621, "f_score": 0.9487207761705775}