{"loss": 0.15670189261436462, "accuracy": 0.9439060091972351, "Precision": 0.950346052646637, "Recall": 0.935703694820404, "AUC": 0.985465943813324, "f_score": 0.9413024187088013}