{"accuracy": 0.9489766955375671, "auc": 0.9875607490539551, "precision": 0.9493504166603088, "recall": 0.9497080445289612, "f_score": 0.9495291902071563, "mcc": 0.8979411935696695}