{"accuracy": 0.9413164258003235, "auc": 0.9851515293121338, "precision": 0.943824291229248, "recall": 0.936740517616272, "f_score": 0.9402690582959641, "mcc": 0.8826225332351044}