{"accuracy": 0.9770452380180359, "auc": 0.9967325329780579, "precision": 0.9687767028808594, "recall": 0.9858542084693909, "f_score": 0.9772408585913062, "mcc": 0.954238893965688}