{"accuracy": 0.948858916759491, "auc": 0.9879960417747498, "precision": 0.9409654140472412, "recall": 0.9581534266471863, "f_score": 0.9494816521309857, "mcc": 0.8978616235584831}