{"accuracy": 0.9513576626777649, "auc": 0.9884753823280334, "precision": 0.9424015879631042, "recall": 0.9618067145347595, "f_score": 0.9520052596975673, "mcc": 0.9029006498874887}