{"accuracy": 0.9687042236328125, "auc": 0.9947350025177002, "precision": 0.9694798588752747, "recall": 0.9681950807571411, "f_score": 0.9688370242673386, "mcc": 0.9374081655042198}