{"accuracy": 0.9472456574440002, "auc": 0.9869111180305481, "precision": 0.9375, "recall": 0.9588586688041687, "f_score": 0.9480590486604703, "mcc": 0.8947135158478831}