{
  "accuracy": 0.9402537941932678,
  "auc": 0.9834630489349365,
  "precision": 0.9491401314735413,
  "recall": 0.9284180402755737,
  "f_score": 0.9386647367468789,
  "mcc": 0.8806449674287992
}