{
  "accuracy": 0.9380742311477661,
  "auc": 0.9847198724746704,
  "precision": 0.9437240958213806,
  "recall": 0.9297394156455994,
  "f_score": 0.9366795366795367,
  "mcc": 0.8761884848197555
}