{"accuracy": 0.9450274705886841, "auc": 0.9845846891403198, "precision": 0.9328382015228271, "recall": 0.9594818949699402, "f_score": 0.9459724950884086, "mcc": 0.8904095419057579}