{"accuracy": 0.9131708616327074, "precision": 0.9171344560278001, "recall": 0.9093559501722767, "auc": 0.9131897523880655, "f_score": 0.9132286398722385, "mcc": 0.8263748147835615}