{"accuracy": 0.8745002221235006, "precision": 0.9055249940205693, "recall": 0.8374253483742535, "auc": 0.8746573540889783, "f_score": 0.870144794300161, "mcc": 0.7512200411718325}