{"accuracy": 0.8765617191404298, "precision": 0.9025748086290883, "recall": 0.8490998363338789, "auc": 0.8770600945577128, "f_score": 0.8750210828132905, "mcc": 0.7546815820183069}