{"accuracy": 0.9246083550913838, "precision": 0.9420027186225646, "recall": 0.9048966267682264, "auc": 0.9246040671365603, "f_score": 0.923076923076923, "mcc": 0.8498747336762145}