{"accuracy": 0.8792270531400966, "precision": 0.9093464511595222, "recall": 0.8471358428805237, "auc": 0.8798094411146173, "f_score": 0.8771394678867989, "mcc": 0.7605195100450672}