{"accuracy": 0.8770614692653673, "precision": 0.9037992331822935, "recall": 0.8487725040916531, "auc": 0.8775748544881603, "f_score": 0.8754220121539501, "mcc": 0.755766497428857}