{"accuracy": 0.8855572213893054, "precision": 0.913986013986014, "recall": 0.855646481178396, "auc": 0.8861000384182346, "f_score": 0.8838546069315301, "mcc": 0.7729367919763656}