{"accuracy": 0.9822301199466904, "precision": 0.982518256251383, "recall": 0.9820836098208361, "auc": 0.9822307408907883, "f_score": 0.9823008849557522, "mcc": 0.9644597686805102}