{"accuracy": 0.9948571428571429, "precision": 0.9946853943247603, "recall": 0.9950631349093326, "auc": 0.9948564934124383, "f_score": 0.994874228761272, "mcc": 0.9897142436180807}