{"accuracy": 0.99460647223332, "precision": 0.9941745001985965, "recall": 0.9950967399946992, "auc": 0.9946040445155508, "f_score": 0.9946354063182993, "mcc": 0.9892130628541868}