{"accuracy": 0.9933970325487455, "precision": 0.9940800747780028, "recall": 0.9926882389545737, "auc": 0.9933960977550216, "f_score": 0.9933836693391453, "mcc": 0.986794982366614}