{"accuracy": 0.9948432841833857, "precision": 0.9933199195171026, "recall": 0.9963671591184307, "auc": 0.9948462253171566, "f_score": 0.9948412058681284, "mcc": 0.9896912298438507}