{"accuracy": 0.9856738297517907, "precision": 0.9837080482241772, "recall": 0.9882160392798691, "auc": 0.9856276939954298, "f_score": 0.9859568909209667, "mcc": 0.971346744485859}