{"accuracy": 0.9853406630018324, "precision": 0.9814995131450828, "recall": 0.9898527004909984, "auc": 0.9852587790107639, "f_score": 0.9856584093872229, "mcc": 0.9707039317880526}