{"accuracy": 0.9907528285465622, "precision": 0.9900043459365493, "recall": 0.991512513601741, "auc": 0.9907529938032633, "f_score": 0.9907578558225507, "mcc": 0.9815068007581293}