{"accuracy": 0.9918407310704961, "precision": 0.9908774978279756, "recall": 0.9928182807399347, "auc": 0.9918409437199781, "f_score": 0.99184693988477, "mcc": 0.9836833543591147}