{"accuracy": 0.9815092453773113, "precision": 0.977302204928664, "recall": 0.9865793780687397, "auc": 0.9814172331320633, "f_score": 0.9819188792963022, "mcc": 0.963045359433924}