{"accuracy": 0.9820089955022488, "precision": 0.9776337115072934, "recall": 0.9872340425531915, "auc": 0.9819141718871792, "f_score": 0.9824104234527687, "mcc": 0.9640483431770337}