{"accuracy": 0.9918098282061526, "precision": 0.9912640635340834, "recall": 0.992446329181023, "auc": 0.9918066763678134, "f_score": 0.9918548440500629, "mcc": 0.9836198685045374}