{"accuracy": 0.9760119940029985, "precision": 0.970883209317373, "recall": 0.9823240589198036, "auc": 0.9758974432997931, "f_score": 0.9765701269118126, "mcc": 0.9520670310296996}