{"accuracy": 0.9718474096285191, "precision": 0.9672927461139896, "recall": 0.9777414075286416, "auc": 0.9717404459624212, "f_score": 0.9724890118834446, "mcc": 0.9437229800704452}