{"accuracy": 0.987597911227154, "precision": 0.9865363735070576, "recall": 0.988683351468988, "auc": 0.9875981473464149, "f_score": 0.987608695652174, "mcc": 0.9751981413796426}