{"accuracy": 0.9731230564193691, "precision": 0.9715671148335905, "recall": 0.9750055297500553, "auc": 0.973115078058164, "f_score": 0.9732832854934864, "mcc": 0.9462503254323754}