{"accuracy": 0.9870821680649887, "precision": 0.9831756046267087, "recall": 0.9912536443148688, "auc": 0.9870615116649291, "f_score": 0.98719809951168, "mcc": 0.9741958699589375}