{"accuracy": 0.9733466600033317, "precision": 0.9728846782097353, "recall": 0.9747954173486089, "auc": 0.9733203681044267, "f_score": 0.973839110529758, "mcc": 0.9466763707126286}