{"accuracy": 0.9786773280026654, "precision": 0.9774877650897227, "recall": 0.9806873977086743, "auc": 0.9786408494649206, "f_score": 0.9790849673202614, "mcc": 0.9573438858782466}