{"accuracy": 0.9872715404699739, "precision": 0.9869508481948673, "recall": 0.98759521218716, "auc": 0.9872716108793099, "f_score": 0.9872729250516697, "mcc": 0.9745432909628098}