{"accuracy": 0.9878414096916299, "Precision": 0.9855225988700564, "Recall": 0.9900673997871585, "AUC": 0.98785582874512, "f_score": 0.987789771721819}