{"accuracy": 0.9898678414096916, "Precision": 0.988, "Recall": 0.9915254237288136, "AUC": 0.9898880382351639, "f_score": 0.9897595725734639}