{"accuracy": 0.988898678414097, "Precision": 0.9848698099929627, "Recall": 0.9929052855622561, "AUC": 0.9889246315766462, "f_score": 0.9888712241653418}