{"accuracy": 0.9879588839941262, "Precision": 0.984692375625552, "Recall": 0.9911111111111112, "AUC": 0.9879864143619601, "f_score": 0.9878913171884229}