{"accuracy": 0.9878414096916299, "Precision": 0.9858657243816255, "Recall": 0.9897126640652714, "AUC": 0.9878535309121876, "f_score": 0.9877854487519914}