{"loss": 0.12782084941864014, "accuracy": 0.972834050655365, "Precision": 0.9663742780685425, "Recall": 0.9792592525482178, "AUC": 0.9892228841781616, "f_score": 0.9725819826126099}