{"loss": 0.1056976392865181, "accuracy": 0.9733920693397522, "Precision": 0.972714364528656, "Recall": 0.973749577999115, "AUC": 0.9922354817390442, "f_score": 0.9730511903762817}