{"loss": 0.08710076659917831, "accuracy": 0.9777532815933228, "Precision": 0.9717937707901001, "Recall": 0.983496904373169, "AUC": 0.9927666187286377, "f_score": 0.9766943454742432}