{"accuracy": 0.8370044052863436, "Precision": 0.8625574272588055, "Recall": 0.7992195814118481, "AUC": 0.8367596506499017, "f_score": 0.8296814582949732, "mcc": 0.6756419407807173}