{"accuracy": 0.8380323054331865, "Precision": 0.8629392971246006, "Recall": 0.8002962962962963, "AUC": 0.8377027333009865, "f_score": 0.8304381245196002}