{"accuracy": 0.8388401256656699, "Precision": 0.8382136826059648, "Recall": 0.8569750548985796, "AUC": 0.8059596254520563, "f_score": 0.8306118843327963}