{"accuracy": 0.8550660792951542, "Precision": 0.8848396501457726, "Recall": 0.812221231043711, "AUC": 0.8545440358873907, "f_score": 0.8469767441860465}