{"accuracy": 0.8382676887831527, "precision": 0.8568297499668392, "recall": 0.8048793480256037, "auc": 0.8377075424640301, "f_score": 0.8299858821917252, "mcc": 0.6773544160692717}