{"accuracy": 0.4998912097476066, "precision": 0.4998912097476066, "recall": 1.0, "auc": 0.5, "f_score": 0.6665699572060636, "mcc": 0.0}