{"accuracy": 0.8282525403964685, "precision": 0.8892307692307693, "recall": 0.7567921440261866, "auc": 0.8295493963007459, "f_score": 0.8176834659593282, "mcc": 0.6649702477101624}