{"accuracy": 0.8381371932032725, "precision": 0.8631840796019901, "recall": 0.7979049565661727, "auc": 0.8375533217462469, "f_score": 0.8292618162506639, "mcc": 0.6777374162108312}