{"accuracy": 0.8424033762772102, "precision": 0.8825851011346818, "recall": 0.7914178279141783, "auc": 0.8426194649274215, "f_score": 0.8345189504373177, "mcc": 0.688650995256185}