{"accuracy": 0.8403617325083294, "precision": 0.8710743801652893, "recall": 0.8001518314670716, "auc": 0.8404884443813586, "f_score": 0.8341082203976654, "mcc": 0.6830832770033827}